"#STN_ID,","STN_KO,","STN_SP,","LON,","LAT,","HT,","FCT_ID,","WRN_ID,","WRN_KO,",SFC_STN_ID=
지점번호,지점명,특성코드,경도,위도,해발고도,예보구역코드,특보구역코드,특보구역명,특보발표 대표지점번호
"90,","속초,","41211210,","128.56473000,","38.25085000,","17.53,","11D20401,","L1020510,","속초시평지,","90,="
"93,","북춘천,","41211111,","127.75443000,","37.94738000,","95.78,","11D10301,","L1021600,","춘천시,","101,="
"95,","철원,","41211110,","127.30420000,","38.14787000,","155.48,","11D10101,","L1021300,","철원군,","95,="
"96,","독도,","01111100,","131.86983000,","37.23952000,","99.08,","11E00102,","L1072100,","울릉도독도,","115,="
"98,","동두천,","41211210,","127.06070000,","37.90188000,","115.62,","11B20401,","L1011100,","동두천시,","98,="
"99,","파주,","41211210,","126.76648000,","37.88589000,","30.59,","11B20305,","L1011800,","파주시,","99,="
"100,","대관령,","41211110,","128.71834000,","37.67713000,","772.43,","11D20201,","L1026020,","평창군산간,","100,="
"101,","춘천,","41211111,","127.73570000,","37.90262000,","75.82,","11D10301,","L1021600,","춘천시,","101,="
"102,","백령도,","41211110,","124.71237000,","37.97396000,","36.00,","11A00101,","L1014100,","서해5도,","102,="
"104,","북강릉,","41211111,","128.85535000,","37.80456000,","75.24,","11D20501,","L1020110,","강릉시평지,","105,="
"105,","강릉,","41211111,","128.89099000,","37.75147000,","27.12,","11D20501,","L1020110,","강릉시평지,","105,="
"106,","동해,","41211210,","129.12433000,","37.50709000,","40.46,","11D20601,","L1020210,","동해시평지,","106,="
"108,","서울,","41211111,","126.96580000,","37.57142000,","85.67,","11B10101,","L1100400,","서울서북권,","108,="
"112,","인천,","41211111,","126.62490000,","37.47772000,","68.99,","11B20201,","L1010800,","인천광역시,","112,="
"114,","원주,","41211110,","127.94659000,","37.33749000,","150.11,","11D10401,","L1021200,","원주시,","114,="
"115,","울릉도,","41211111,","130.89863000,","37.48129000,","221.14,","11E00101,","L1072100,","울릉도독도,","115,="
"116,","관악(레),","01110000,","126.96402000,","37.44526000,","624.82,","11B10102,","L1010300,","과천시,","590,="
"119,","수원,","X1211110,","126.98300000,","37.25746000,","39.81,","11B20601,","L1011900,","수원시,","119,="
"121,","영월,","41211210,","128.45743000,","37.18126000,","240.54,","11D10501,","L1020800,","영월군,","121,="
"127,","충주,","41211210,","127.95250000,","36.97045000,","114.85,","11C10101,","L1040800,","충주시,","127,="
"129,","서산,","X1211111,","126.49390000,","36.77658000,","25.25,","11C20101,","L1031300,","서산시,","129,="
"130,","울진,","41211210,","129.41278000,","36.99176000,","48.98,","11H10101,","L1072310,","울진군평지,","130,="
"131,","청주,","41211110,","127.44066000,","36.63924000,","58.70,","11C10301,","L1040100,","청주시,","131,="
"133,","대전,","41211111,","127.37211000,","36.37198000,","70.22,","11C20401,","L1030100,","대전광역시,","133,="
"135,","추풍령,","41211110,","127.99458000,","36.22025000,","244.98,","11C10401,","L1040700,","영동군,","135,="
"136,","안동,","41211110,","128.70733000,","36.57293000,","141.26,","11H10501,","L1071500,","안동시,","136,="
"137,","상주,","41211210,","128.15741000,","36.40837000,","96.58,","11H10302,","L1071200,","상주시,","137,="
"138,","포항,","41211111,","129.38002000,","36.03201000,","3.94,","11H10201,","L1072400,","포항시,","138,="
"140,","군산,","41211210,","126.76135000,","36.00530000,","27.85,","21F10501,","L1060300,","군산시,","140,="
"143,","대구,","41211110,","128.65296000,","35.87797000,","54.27,","11H10701,","L1070100,","대구광역시,","143,="
"146,","전주,","41211110,","127.11718000,","35.84092000,","60.44,","11F10201,","L1061300,","전주시,","146,="
"152,","울산,","41211210,","129.33469000,","35.58237000,","81.14,","11H20101,","L1080300,","울산광역시,","152,="
"155,","창원,","41211110,","128.57282000,","35.17019000,","34.97,","11H20301,","L1080600,","창원시,","155,="
"156,","광주,","41211110,","126.89156000,","35.17294000,","70.28,","11F20501,","L1050100,","광주광역시,","156,="
"159,","부산,","41211111,","129.03203000,","35.10468000,","69.56,","11H20201,","L1080100,","부산광역시,","159,="
"160,","부산(레),","01110000,","128.99995000,","35.11882000,","512.00,","11H20201,","L1080100,","부산광역시,","159,="
"162,","통영,","41211210,","128.43561000,","34.84541000,","31.24,","11H20401,","L1082000,","통영시,","162,="
"165,","목포,","41211111,","126.38151000,","34.81732000,","44.70,","21F20801,","L1052100,","목포시,","165,="
"168,","여수,","41211111,","127.74063000,","34.73929000,","65.93,","11F20401,","L1051000,","여수시,","168,="
"169,","흑산도,","41211110,","125.45105000,","34.68719000,","75.12,","11F20701,","L1052500,","흑산도홍도,","169,="
"170,","완도,","41211210,","126.70182000,","34.39590000,","35.37,","11F20301,","L1051600,","완도군,","170,="
"172,","고창,","41211110,","126.59900000,","35.34824000,","52.42,","21F10601,","L1060100,","고창군,","172,="
"174,","순천,","41211210,","127.36940000,","35.02040000,","165.00,","11F20603,","L1051200,","순천시,","174,="
"175,","진도(레),","01211000,","126.32380000,","34.47211000,","478.51,","21F20201,","L1052300,","진도군,","268,="
"177,","홍성,","41211110,","126.68772000,","36.65759000,","27.74,","11C20104,","L1031600,","홍성군,","177,="
"184,","제주,","41211111,","126.52969000,","33.51411000,","20.79,","11G00201,","L1090700,","제주도북부,","184,="
"185,","고산,","41211110,","126.16283000,","33.29382000,","71.39,","11G00500,","L1090600,","제주도서부,","779,="
"188,","성산,","41211210,","126.88020000,","33.38677000,","20.34,","11G00100,","L1090800,","제주도동부,","188,="
"189,","서귀포,","41211210,","126.56530000,","33.24616000,","51.86,","11G00401,","L1090900,","제주도남부,","189,="
"192,","진주,","41211110,","128.04004000,","35.16378000,","29.35,","11H20701,","L1081400,","진주시,","192,="
"201,","강화,","41211210,","126.44634000,","37.70739000,","47.84,","11B20101,","L1010900,","강화군,","201,="
"202,","양평,","41211210,","127.49446000,","37.48863000,","47.26,","11B20503,","L1013500,","양평군,","202,="
"203,","이천,","41211210,","127.48421000,","37.26399000,","80.09,","11B20701,","L1013000,","이천시,","203,="
"211,","인제,","41211210,","128.16714000,","38.05986000,","201.78,","11D10201,","L1021810,","인제군평지,","211,="
"212,","홍천,","41211210,","127.88043000,","37.68360000,","140.20,","11D10302,","L1021510,","홍천군평지,","212,="
"216,","태백,","31211210,","128.98929000,","37.17038000,","714.45,","11D20301,","L1020300,","태백시,","216,="
"217,","정선군,","31111211,","128.64590000,","37.38149000,","307.58,","11D10502,","L1021010,","정선군평지,","217,="
"221,","제천,","41211210,","128.19433000,","37.15928000,","264.62,","11C10201,","L1040900,","제천시,","221,="
"226,","보은,","41211210,","127.73415000,","36.48761000,","171.31,","11C10302,","L1040300,","보은군,","226,="
"229, ","북격렬비도,","01111200, 1","25.55954000,","36.62544000,","104.81,","11C20102,","L1031100,","태안군,","627,="
"232,","천안,","41211210,","127.29282000,","36.76217000,","84.78,","11C20301,","L1030200,","천안시,","232,="
"235,","보령,","31211210,","126.55744000,","36.32724000,","9.98,","11C20201,","L1031400,","보령시,","235,="
"236,","부여,","41211210,","126.92079000,","36.27242000,","13.42,","11C20501,","L1030800,","부여군,","236,="
"238,","금산,","41211210,","127.48175000,","36.10563000,","172.69,","11C20601,","L1030600,","금산군,","238,="
"239,","세종,","41211210,","127.24438000,","36.48522000,","89.50,","11C20404,","L1031800,","세종시,","239,="
"243,","부안,","31111210,","126.71657000,","35.72961000,","12.20,","21F10602,","L1060200,","부안군,","243,="
"244,","임실,","41211210,","127.28556000,","35.61203000,","247.04,","11F10402,","L1060900,","임실군,","244,="
"245,","정읍,","31211210,","126.83904000,","35.56337000,","68.70,","11F10203,","L1061200,","정읍시,","245,="
"247,","남원,","41211210,","127.39652000,","35.42130000,","133.49,","11F10401,","L1061400,","남원시,","247,="
"248,","장수,","41211210,","127.52031000,","35.65696000,","406.87,","11F10301,","L1060800,","장수군,","248,="
"251,","고창군,","41211111,","126.69700000,","35.42661000,","58.84,","21F10601,","L1060100,","고창군,","172,="
"252,","영광군,","31211111,","126.47784000,","35.28366000,","37.20,","21F20102,","L1052000,","영광군,","252,="
"253,","김해시,","41211111,","128.89075000,","35.22981000,","54.59,","11H20304,","L1080900,","김해시,","253,="
"254,","순창군,","41211111,","127.12860000,","35.37131000,","129.38,","11F10403,","L1061000,","순창군,","254,="
"255,","북창원,","41211111,","128.67260000,","35.22655000,","50.95,","11H20301,","L1080600,","창원시,","155,="
"257,","양산시,","41211111,","129.02009000,","35.30737000,","6.29,","11H20102,","L1080500,","양산시,","257,="
"258,","보성군,","41211111,","127.21226000,","34.76335000,","1.41,","11F20404,","L1050900,","보성군,","732,="
"259,","강진군,","31111111,","126.76715000,","34.62890000,","9.95,","11F20303,","L1051400,","강진군,","259,="
"260,","장흥,","31211210,","126.91951000,","34.68886000,","43.99,","11F20304,","L1051300,","장흥군,","260,="
"261,","해남,","31211210,","126.56907000,","34.55375000,","16.36,","11F20302,","L1051500,","해남군,","261,="
"262,","고흥,","31211210,","127.27572000,","34.61826000,","51.91,","11F20403,","L1050800,","고흥군,","262,="
"263,","의령군,","31111111,","128.28812000,","35.32258000,","14.10,","11H20602,","L1081100,","의령군,","263,="
"264,","함양군,","31111111,","127.74538000,","35.51138000,","152.07,","11H20502,","L1081700,","함양군,","264,="
"266,","광양시,","31111111,","127.69140000,","34.94340000,","88.21,","11F20402,","L1051100,","광양시,","266,="
"268,","진도군,","41211210,","126.25846000,","34.47296000,","9.82,","21F20201,","L1052300,","진도군,","268,="
"271,","봉화,","41211210,","128.91449000,","36.94361000,","324.67,","11H10402,","L1072010,","봉화군평지,","271,="
"272,","영주,","41211210,","128.51687000,","36.87183000,","211.32,","11H10401,","L1071600,","영주시,","272,="
"273,","문경,","41211210,","128.14879000,","36.62727000,","173.01,","11H10301,","L1071300,","문경시,","273,="
"276,","청송군,","31111111,","129.04005000,","36.43510000,","208.65,","11H10503,","L1071800,","청송군,","276,="
"277,","영덕,","41211210,","129.40926000,","36.53337000,","40.71,","11H10102,","L1072200,","영덕군,","277,="
"278,","의성,","41211210,","128.68864000,","36.35610000,","81.44,","11H10502,","L1071700,","의성군,","278,="
"279,","구미,","31211210,","128.32055000,","36.13055000,","49.17,","11H10602,","L1070300,","구미시,","279,="
"281,","영천,","41211210,","128.95140000,","35.97742000,","96.12,","11H10702,","L1070400,","영천시,","281,="
"283,","경주시,","31111111,","129.20090000,","35.81740000,","40.13,","11H10202,","L1072500,","경주시,","283,="
"284,","거창,","31211210,","127.90990000,","35.66739000,","228.45,","11H20502,","L1081800,","거창군,","284,="
"285,","합천,","41211210,","128.16994000,","35.56505000,","26.72,","11H20503,","L1081900,","합천군,","285,="
"288,","밀양,","31211210,","128.74412000,","35.49147000,","8.31,","11H20601,","L1081000,","밀양시,","288,="
"289,","산청,","41211210,","127.87910000,","35.41300000,","138.22,","11H20703,","L1081600,","산청군,","289,="
"294,","거제,","41211210,","128.60459000,","34.88818000,","44.83,","11H20403,","L1082200,","거제시,","294,="
"295,","남해,","41211210,","127.92641000,","34.81662000,","45.71,","11H20405,","L1082400,","남해군,","295,="
"300,","말도,","01111000,","126.31507000,","35.85799000,","44.18,","21F10501,","L1060300,","군산시,","140,="
"301,","임자도,","01111000,","126.11990000,","35.08704000,","6.33,","21F20803,","L1052200,","신안군(흑산면제외),","789,="
"302,","장산도,","01110000,","126.15928000,","34.66473000,","17.03,","21F20803,","L1052200,","신안군(흑산면제외),","789,="
"303,","가거도,","01111000,","125.09722000,","34.07250000,","97.84,","11F20701,","L1052500,","흑산도홍도,","169,="
"304,","신지도,","01110000,","126.84849000,","34.31801000,","25.41,","11F20301,","L1051600,","완도군,","170,="
"305,","여서도,","01111000,","126.92010000,","33.98622000,","35.38,","11F20301,","L1051600,","완도군,","170,="
"306,","소리도,","01111000,","127.80110000,","34.43185000,","3.04,","11F20401,","L1051000,","여수시,","168,="
"308,","옥도,","01110000,","126.07303000,","34.68703000,","8.23,","21F20803,","L1052200,","신안군(흑산면제외),","789,="
"310,","궁촌,","01111000,","129.26472000,","37.32471000,","14.07,","11D20603,","L1020410,","삼척시평지,","876,="
"311,","가야산,","01110000,","128.08673000,","35.78915000,","605.47,","11H20503,","L1081900,","합천군,","285,="
"312,","주왕산,","01110000,","129.14128000,","36.39314000,","262.19,","11H10503,","L1071800,","청송군,","276,="
"313,","양지암,","11110000,","128.75140000,","34.89334000,","52.48,","11H20403,","L1082200,","거제시,","294,="
"314,","덕유봉,","01111000,","127.74312000,","35.86621000,","1515.31,","11F10302,","L1060700,","무주군,","701,="
"315,","성삼재,","01110000,","127.51079000,","35.30673000,","1087.86,","11F20601,","L1050500,","구례군,","709,="
"316,","무등산,","01110000,","126.99743000,","35.11438000,","911.53,","11F20501,","L1050100,","광주광역시,","156,="
"317,","모악산,","01110000,","127.11418000,","35.72951000,","105.92,","11F10204,","L1060500,","완주군,","734,="
"318,","용평,","01101000,","128.67045000,","37.64336000,","769.81,","11D20201,","L1026020,","평창군산간,","100,="
"319,","천부,","01111000,","130.87084000,","37.53726000,","58.05,","11E00101,","L1072100,","울릉도독도,","115,="
"320,","향로봉,","01100000,","128.31375000,","38.33104000,","1263.88,","11D20100,","L1025020,","인제군산간,","595,="
"321,","원통,","01100000,","128.19630000,","38.11470000,","253.72,","11D20100,","L1025020,","인제군산간,","595,="
"322,","상서,","01110000,","127.66980000,","38.21550000,","263.76,","11D10102,","L1021400,","화천군,","555,="
"323,","마현,","01100000,","127.55300000,","38.27470000,","291.41,","11D10101,","L1021300,","철원군,","95,="
"324,","송계,","01110000,","128.07446000,","36.91019000,","155.91,","11C10201,","L1040900,","제천시,","221,="
"325,","백운,","01110000,","128.02526000,","37.14449000,","231.26,","11C10201,","L1040900,","제천시,","221,="
"326,","용문산,","01110000,","127.61126000,","37.54553000,","191.01,","11B20503,","L1013500,","양평군,","202,="
"327,","우암산,","01110000,","127.51200000,","36.65026000,","127.11,","11C10301,","L1040100,","청주시,","131,="
"328,","중문,","01110000,","126.40600000,","33.24940000,","63.64,","11G00400,","L1090900,","제주도남부,","189,="
"329,","산천단,","01100000,","126.56521000,","33.44711000,","378.48,","11G00200,","L1090700,","제주도북부,","184,="
"330,","대흘,","01100000,","126.64947000,","33.50081000,","144.41,","11G00200,","L1090700,","제주도북부,","184,="
"351,","남면,","A1100000,","126.97890000,","37.89530000,","135.00,","11B20304,","L1011600,","양주시,","598,="
"352,","장흥면,","A1100000,","126.94360000,","37.71560000,","163.00,","11B20304,","L1011600,","양주시,","598,="
"353,","덕정동,","A1100000,","127.06830000,","37.84140000,","88.00,","11B20304,","L1011600,","양주시,","598,="
"355,","서탄면,","A1110000,","127.03640000,","37.11360000,","39.00,","11B20606,","L1012500,","평택시,","551,="
"356,","고덕면,","A1110000,","127.01830000,","37.04810000,","32.00,","11B20606,","L1012500,","평택시,","551,="
"358,","현덕면,","A1110000,","126.92140000,","36.96720000,","35.00,","11B20606,","L1012500,","평택시,","551,="
"359,","선단동,","A1110000,","127.15920000,","37.85420000,","114.00,","11B20403,","L1011300,","포천시,","504,="
"360,","내촌면,","A1110000,","127.22830000,","37.78610000,","119.00,","11B20403,","L1011300,","포천시,","504,="
"361,","영중면,","A1110000,","127.24470000,","38.00530000,","85.00,","11B20403,","L1011300,","포천시,","504,="
"364,","분당구,","A1100000,","127.11890000,","37.38280000,","61.00,","11B20605,","L1012000,","성남시,","572,="
"365,","석수동,","A1100000,","126.89530000,","37.40890000,","42.00,","11B20602,","L1012100,","안양시,","434,="
"366,","오전동 *,","A1100000,","126.97530000,","37.35500000,","114.00,","11B20609,","L1012700,","의왕시,","445,="
"367,","신현동,","A1100000,","126.78440000,","37.40610000,","26.00,","11B20202,","L1010500,","시흥시,","565,="
"368,","수택동,","A1100000,","127.15030000,","37.59920000,","49.00,","11B20501,","L1012200,","구리시,","569,="
"369,","수리산길,","A1100000,","126.91690000,","37.36420000,","124.00,","11B20610,","L1012600,","군포시,","438,="
"370,","이동묵리,","A1100000,","127.25000000,","37.17890000,","241.00,","11B20612,","L1012900,","용인시,","549,="
"371,","기흥구,","A1100000,","127.11640000,","37.27720000,","121.00,","11B20612,","L1012900,","용인시,","549,="
"372,","은현면,","A1100000,","127.02670000,","37.87220000,","108.00,","11B20304,","L1011600,","양주시,","598,="
"373,","남방,","A1100000,","127.04580000,","37.77060000,","163.00,","11B20304,","L1011600,","양주시,","598,="
"374,","청북,","A1110000,","126.97060000,","37.04670000,","50.40,","11B20606,","L1012500,","평택시,","551,="
"375,","백석읍,","A1100000,","126.98750000,","37.79190000,","150.00,","11B20304,","L1011600,","양주시,","598,="
"400,","강남,","01110000,","127.08162000,","37.49820000,","12.66,","11B10101,","L1100100,","서울동남권,","400,="
"401,","서초,","01100000,","127.02601000,","37.48462000,","33.05,","11B10101,","L1100100,","서울동남권,","108,="
"402,","강동,","01110000,","127.14498000,","37.55552000,","56.21,","11B10101,","L1100100,","서울동남권,","108,="
"403,","송파 *,","01100000,","127.09670000,","37.51151000,","58.26,","11B10101,","L1100100,","서울동남권,","108,="
"404,","강서,","01100000,","126.82953000,","37.57390000,","80.40,","11B10101,","L1100300,","서울서남권,","108,="
"405,","양천 *,","01100000,","126.87820000,","37.52961000,","11.93,","11B10101,","L1100300,","서울서남권,","108,="
"406,","도봉,","01110000,","127.02947000,","37.66612000,","56.65,","11B10101,","L1100200,","서울동북권,","108,="
"407,","노원,","01110000,","127.09192000,","37.62186000,","25.30,","11B10101,","L1100200,","서울동북권,","108,="
"408,","동대문,","01110000,","127.06036000,","37.58463000,","53.96,","11B10101,","L1100200,","서울동북권,","408,="
"409,","중랑,","01110000,","127.08682000,","37.58551000,","39.09,","11B10101,","L1100200,","서울동북권,","108,="
"410,","기상청,","01111210,","126.91809000,","37.49371000,","36.44,","11B10101,","L1100300,","서울서남권,","410,="
"411,","마포,","01110000,","126.92915000,","37.55165000,","100.67,","11B10101,","L1100400,","서울서북권,","108,="
"412,","서대문,","01100000,","126.94078000,","37.57047000,","103.08,","11B10101,","L1100400,","서울서북권,","108,="
"413,","광진,","01110000,","127.08566000,","37.53380000,","28.63,","11B10101,","L1100200,","서울동북권,","108,="
"414,","성북,","01110000,","126.99944000,","37.61172000,","128.62,","11B10101,","L1100200,","서울동북권,","108,="
"415,","용산 *,","01100000,","126.97611000,","37.52038000,","31.73,","11B10101,","L1100400,","서울서북권,","108,="
"416,","은평,","01100000,","126.94338000,","37.64639000,","57.92,","11B10101,","L1100400,","서울서북권,","108,="
"417,","금천,","01100000,","126.90016000,","37.46551000,","45.00,","11B10101,","L1100300,","서울서남권,","108,="
"418,","한강,","01110000,","126.93904000,","37.52489000,","10.66,","11B10101,","L1100300,","서울서남권,","108,="
"419,","중구,","01100000,","126.98736000,","37.55236000,","267.05,","11B10101,","L1100400,","서울서북권,","108,="
"421,","성동,","01110000,","127.03885000,","37.54721000,","34.73,","11B10101,","L1100200,","서울동북권,","108,="
"423,","구로,","01110000,","126.82700000,","37.49400000,","56.08,","11B10101,","L1100300,","서울서남권,","108,="
"424,","강북,","01110000,","127.02576000,","37.63972000,","57.29,","11B10101,","L1100200,","서울동북권,","108,="
"425,","남현,","01110000,","126.98550000,","37.46336000,","87.86,","11B10101,","L1100300,","서울서남권,","108,="
"426,","백령(레),","01111000,","124.63048000,","37.96611000,","147.29,","11A00101,","L1014100,","서해5도,","102,="
"427,","김포장기,","01111000,","126.67343000,","37.64279000,","10.54,","11B20102,","L1010700,","김포시,","427,="
"428,","하남덕풍,","01111000,","127.21284000,","37.55122000,","23.73,","11B20504,","L1012800,","하남시,","428,="
"430,","경기,","A1100000,","127.01183333,","37.27183333,","103.00,","11B20601,","L1011900,","수원시,","119,="
"431,","신곡,","A1100000,","127.07394444,","37.74602778,","67.00,","11B20301,","L1011700,","의정부시,","532,="
"432,","향남,","A1100000,","126.92045650,","37.13107000,","29.00,","11B20604,","L1013200,","화성시,","571,="
"433,","부천,","A1100000,","126.76658333,","37.49758333,","29.00,","11B20204,","L1010600,","부천시,","433,="
"434,","안양,","A1110000,","126.95891667,","37.39158333,","96.00,","11B20602,","L1012100,","안양시,","434,="
"435,","고잔,","A1100000,","126.82119444,","37.32430556,","32.00,","11B20203,","L1010400,","안산시,","545,="
"436,","역삼,","A1100000,","127.18927778,","37.23138889,","123.00,","11B20612,","L1012900,","용인시,","549,="
"437,","광명,","A1100000,","126.86647222,","37.47577778,","68.00,","11B10103,","L1010200,","광명시,","437,="
"438,","군포,","A1100000,","126.93747222,","37.35872222,","97.00,","11B20610,","L1012600,","군포시,","438,="
"439,","진안 *,","A1110000,","127.03777778,","37.20605556,","66.00,","11B20604,","L1013200,","화성시,","571,="
"440,","설봉,","A1110000,","127.44238889,","37.27500000,","168.00,","11B20701,","L1013000,","이천시,","203,="
"441,","김포,","A1100000,","126.70472222,","37.64683333,","32.00,","11B20102,","L1010700,","김포시,","427,="
"442,","지월,","A1101000,","127.28783333,","37.41605556,","53.00,","11B20702,","L1013400,","광주시,","546,="
"443,","보개,","A1100000,","127.29194444,","37.01972222,","90.00,","11B20611,","L1013100,","안성시,","516,="
"444,","하남,","A1100000,","127.21555556,","37.53591667,","37.00,","11B20504,","L1012800,","하남시,","428,="
"445,","의왕,","A1100000,","126.97094444,","37.34172222,","94.00,","11B20609,","L1012700,","의왕시,","445,="
"446,","남촌 *,","A1100000,","127.06577778,","37.13738889,","32.00,","11B20603,","L1012400,","오산시,","550,="
"447,","북내,","A1110000,","127.68127778,","37.32622222,","72.00,","11B20703,","L1013300,","여주시,","548,="
"448,","산북,","A1110000,","127.44516667,","37.39877778,","131.00,","11B20703,","L1013300,","여주시,","548,="
"449,","옥천,","A1100000,","127.45222222,","37.50727778,","44.00,","11B20503,","L1013500,","양평군,","202,="
"450,","주교,","A1100000,","126.83336111,","37.65550000,","50.00,","11B20302,","L1011500,","고양시,","540,="
"451,","오남,","A1100000,","127.15297222,","37.61069444,","34.00,","11B20502,","L1012300,","남양주시,","541,="
"452,","신북,","A1100000,","127.22852861,","37.93129750,","109.00,","11B20403,","L1011300,","포천시,","504,="
"453,","소하,","A1110000,","126.89833333,","37.44000000,","37.00,","11B10103,","L1010200,","광명시,","437,="
"454,","하봉암,","A1110000,","127.06961111,","37.97125000,","91.00,","11B20401,","L1011100,","동두천시,","98,="
"455,","읍내,","A1100000,","127.51200000,","37.82822222,","92.00,","11B20404,","L1011400,","가평군,","455,="
"456,","연천,","A1100000,","127.07780556,","38.09361111,","82.00,","11B20402,","L1011200,","연천군,","652,="
"457,","춘궁 *,","A1110000,","127.19418056,","37.52202222,","52.00,","11B20504,","L1012800,","하남시,","428,="
"458,","퇴촌 *,","A1100000,","127.30578056,","37.47469444,","48.00,","11B20702,","L1013400,","광주시,","546,="
"459,","오포,","A1110000,","127.19675556,","37.34547500,","89.00,","11B20702,","L1013400,","광주시,","546,="
"460,","실촌 *,","A1110000,","127.40393889,","37.36640278,","182.00,","11B20702,","L1013400,","광주시,","546,="
"461,","마장,","A1100000,","127.36011111,","37.24611111,","88.00,","11B20701,","L1013000,","이천시,","203,="
"462,","모가,","A1100000,","127.48230556,","37.16913889,","84.00,","11B20701,","L1013000,","이천시,","203,="
"463,","흥천 *,","A1100000,","127.54124167,","37.33270000,","57.00,","11B20703,","L1013300,","여주시,","548,="
"464,","점동,","A1110000,","127.66257222,","37.20612778,","86.00,","11B20703,","L1013300,","여주시,","548,="
"465,","가남,","A1100000,","127.54510833,","37.20171944,","85.00,","11B20703,","L1013300,","여주시,","548,="
"466,","금사 *,","A1110000,","127.53332500,","37.39278889,","60.00,","11B20703,","L1013300,","여주시,","548,="
"467,","양성,","A1110000,","127.19447778,","37.05979167,","55.00,","11B20611,","L1013100,","안성시,","516,="
"468,","서운,","A1110000,","127.25922222,","36.94306944,","63.00,","11B20611,","L1013100,","안성시,","516,="
"469,","일죽 *,","A1110000,","127.47701111,","37.09060000,","95.00,","11B20611,","L1013100,","안성시,","516,="
"470,","고삼,","A1110000,","127.26338611,","37.08270833,","68.00,","11B20611,","L1013100,","안성시,","516,="
"471,","송탄,","A1110000,","127.06489722,","37.06644167,","74.00,","11B20606,","L1012500,","평택시,","551,="
"472,","포승,","A1110000,","126.85348889,","36.98447778,","25.00,","11B20606,","L1012500,","평택시,","551,="
"473,","가산,","A1100000,","127.18613611,","37.84861389,","130.00,","11B20403,","L1011300,","포천시,","504,="
"474,","영북,","A1110000,","127.27225000,","38.08660556,","148.00,","11B20403,","L1011300,","포천시,","504,="
"475,","관인,","A1110000,","127.25119722,","38.15774722,","197.00,","11B20403,","L1011300,","포천시,","504,="
"476,","화현,","A1100000,","127.29043138,","37.90134222,","151.84,","11B20403,","L1011300,","포천시,","504,="
"477,","상패 *,","A1100000,","127.04395278,","37.90553056,","80.00,","11B20401,","L1011100,","동두천시,","98,="
"478,","왕징,","A1110000,","127.01488889,","38.05586111,","36.00,","11B20402,","L1011200,","연천군,","652,="
"479,","장남,","A1110000,","126.88630556,","37.97905556,","29.00,","11B20402,","L1011200,","연천군,","652,="
"480,","미산,","A1100000,","126.99494444,","38.04469444,","35.00,","11B20402,","L1011200,","연천군,","652,="
"481,","탄현,","A1110000,","126.71608889,","37.80241389,","37.00,","11B20305,","L1011800,","파주시,","99,="
"482,","광탄,","A1100000,","126.85124167,","37.77626667,","53.00,","11B20305,","L1011800,","파주시,","99,="
"483,","진동,","A1100000,","126.78706389,","37.92596944,","35.00,","11B20305,","L1011800,","파주시,","99,="
"484,","창현,","A1110000,","127.31647778,","37.64657222,","128.00,","11B20502,","L1012300,","남양주시,","541,="
"485,","신천 *,","A1110000,","127.49469167,","37.67618889,","83.00,","11B20404,","L1011400,","가평군,","455,="
"486,","외서,","A1110000,","127.41439444,","37.73474722,","61.00,","11B20404,","L1011400,","가평군,","455,="
"487,","대곶,","A1110000,","126.58386722,","37.64634500,","42.00,","11B20102,","L1010700,","김포시,","427,="
"488,","송산,","A1110000,","126.74116667,","37.21497222,","43.00,","11B20604,","L1013200,","화성시,","571,="
"489,","서신,","A1100000,","126.71091667,","37.16375000,","25.00,","11B20604,","L1013200,","화성시,","571,="
"490,","초성리,","A1100000,","127.11000000,","38.02444440,","72.00,","11B20402,","L1011200,","연천군,","652,="
"491,","군남,","A1100000,","127.02083330,","38.08222220,","39.00,","11B20402,","L1011200,","연천군,","652,="
"492,","학온동,","A1100000,","126.85750000,","37.42170000,","36.40,","11B10103,","L1010200,","광명시,","437,="
"493,","송악,","01111000,","127.00398000,","36.72266000,","53.64,","11C20302,","L1030400,","아산시,","634,="
"494,","세종고운,","01111000,","127.24064000,","36.53152000,","107.80,","11C20404,","L1031800,","세종시,","239,="
"495,","공도,","01110000,","127.16254000,","36.98062000,","13.00,","11B20611,","L1013100,","안성시,","516,="
"496,","세종금남,","01110000,","127.26876000,","36.45853000,","27.23,","11C20404,","L1031800,","세종시,","239,="
"497,","삽당령,","01111000,","128.85147000,","37.57516000,","660.40,","11D20200,","L1026020,","강릉시산간,","100,="
"498,","구룡령,","01110000,","128.51447000,","37.87925000,","1018.68,","11D20200,","L1026020,","홍천군산간,","100,="
"499,","중면,","01111000,","127.02354000,","38.13608000,","53.70,","11B20402,","L1011200,","연천군,","652,="
"500,","양도,","01111000,","126.47015000,","37.66571000,","48.00,","11B20101,","L1010900,","강화군,","201,="
"501,","대연평,","01111000,","125.69819000,","37.65891000,","7.63,","11A00102,","L1014100,","서해5도,","102,="
"502,","교동,","01111000,","126.29164000,","37.78944000,","13.94,","11B20101,","L1010900,","강화군,","201,="
"503,","도라산,","01110000,","126.71193000,","37.90804000,","18.29,","11B20305,","L1011800,","파주시,","99,="
"504,","포천,","01110000,","127.18073000,","37.87035000,","105.14,","11B20403,","L1011300,","포천시,","504,="
"505,","가평조종,","01111000,","127.34543000,","37.82439000,","170.45,","11B20404,","L1011400,","가평군,","505,="
"506,","금촌,","01100000,","126.77693000,","37.74823000,","12.88,","11B20305,","L1011800,","파주시,","99,="
"507,","창수,","01100000,","127.14358000,","38.02479000,","76.06,","11B20403,","L1011300,","포천시,","504,="
"508,","왕산,","01111000,","126.36093000,","37.46649000,","140.91,","11B20201,","L1010800,","인천광역시,","112,="
"509,","관악,","01100000,","126.95015000,","37.45284000,","141.64,","11B10101,","L1100300,","서울서남권,","108,="
"510,","영등포 *,","01100000,","126.90705000,","37.52706000,","25.38,","11B10101,","L1100300,","서울서남권,","108,="
"511,","공촌동,","01100000,","126.69047000,","37.55498000,","47.04,","11B20201,","L1010800,","인천광역시,","112,="
"512,","인천연수,","01101000,","126.66209000,","37.39684000,","8.13,","11B20201,","L1010800,","인천광역시,","112,="
"513,","덕적도,","01111000,","126.14495000,","37.22721000,","20.02,","11B20201,","L1013600,","옹진군,","513,="
"514,","대부도,","01110000,","126.57870000,","37.23767000,","10.00,","11B20203,","L1010400,","안산시,","545,="
"515,","운평,","01110000,","126.77389000,","37.08453000,","10.47,","11B20604,","L1013200,","화성시,","571,="
"516,","안성,","01110000,","127.25017000,","37.00371000,","23.92,","11B20611,","L1013100,","안성시,","516,="
"517,","간성,","01110000,","128.47450000,","38.38537000,","6.11,","11D20402,","L1020610,","고성군평지,","517,="
"518,","해안,","01110000,","128.12110000,","38.26958000,","468.47,","11D20100,","L1025020,","양구군산간,","518,="
"519,","사내,","01110000,","127.51941000,","38.07545000,","298.11,","11D10102,","L1021400,","화천군,","555,="
"520,","설악동,","01110000,","128.51818000,","38.16705000,","135.58,","11D20101,","L1025020,","속초시산간,","595,="
"521,","강현,","01110000,","128.60260000,","38.14373000,","15.97,","11D20403,","L1020710,","양양군평지,","670,="
"522,","화촌,","01101000,","127.98380000,","37.78712000,","197.86,","11D10302,","L1021510,","홍천군평지,","212,="
"523,","주문진,","01110000,","128.82139000,","37.89848000,","8.94,","11D20501,","L1020110,","강릉시평지,","105,="
"524,","강문,","01110000,","128.92477000,","37.78579000,","6.61,","11D20501,","L1020110,","강릉시평지,","105,="
"525,","봉평,","01110000,","128.37725000,","37.61234000,","552.11,","11D10503,","L1020910,","평창군평지,","526,="
"526,","평창,","01110000,","128.39469000,","37.37748000,","303.18,","11D10503,","L1020910,","평창군평지,","526,="
"527,","신동,","01110000,","128.64126000,","37.21108000,","392.43,","11D10502,","L1021010,","정선군평지,","217,="
"529,","원덕,","01110000,","129.28585000,","37.14156000,","36.07,","11D20602,","L1020410,","삼척시평지,","876,="
"530,","태하,","01110000,","130.81180000,","37.51510000,","178.00,","11E00101,","L1072100,","울릉도독도,","115,="
"531,","가평북면,","01110000,","127.55219000,","37.89807000,","109.66,","11B20404,","L1011400,","가평군,","455,="
"532,","의정부,","01110000,","127.07349000,","37.73476000,","89.49,","11B20301,","L1011700,","의정부시,","532,="
"533,","백사,","01110000,","127.48073000,","37.32777000,","82.00,","11B20701,","L1013000,","이천시,","203,="
"534,","장호원,","01110000,","127.61058000,","37.12100000,","88.20,","11B20701,","L1013000,","이천시,","203,="
"535,","서석,","01110000,","128.18265000,","37.71701000,","313.50,","11D10302,","L1021510,","홍천군평지,","212,="
"536,","횡성,","01110000,","127.97242000,","37.48760000,","114.35,","11D10402,","L1021100,","횡성군,","536,="
"537,","임계,","01110000,","128.84589000,","37.48323000,","488.08,","11D20300,","L1027020,","정선군산간,","674,="
"538,","신서,","01110000,","127.10301000,","38.17254000,","82.25,","11B20402,","L1011200,","연천군,","652,="
"539,","포천이동,","01111000,","127.36571000,","38.02415000,","137.74,","11B20403,","L1011300,","포천시,","504,="
"540,","고양,","01110000,","126.89200000,","37.63730000,","44.71,","11B20302,","L1011500,","고양시,","540,="
"541,","남양주,","01110000,","127.15055000,","37.63405000,","25.36,","11B20502,","L1012300,","남양주시,","541,="
"542,","청평,","01110000,","127.38017000,","37.68414000,","41.96,","11B20404,","L1011400,","가평군,","455,="
"543,","영종도,","01110000,","126.54958000,","37.49900000,","25.79,","11B20201,","L1010800,","인천광역시,","112,="
"544,","전곡항,","01110000,","126.65440000,","37.18565000,","10.96,","11B20604,","L1013200,","화성시,","571,="
"545,","안산,","01110000,","126.83848000,","37.28103000,","5.92,","11B20203,","L1010400,","안산시,","545,="
"546,","경기광주,","01110000,","127.25920000,","37.43529000,","122.61,","11B20702,","L1013400,","광주시,","546,="
"547,","양동,","01110000,","127.75488000,","37.41593000,","108.62,","11B20503,","L1013500,","양평군,","202,="
"548,","여주,","01110000,","127.63956000,","37.26883000,","118.56,","11B20703,","L1013300,","여주시,","548,="
"549,","용인,","01210000,","127.22178000,","37.27011000,","83.00,","11B20612,","L1012900,","용인시,","549,="
"550,","오산,","01110000,","127.04873000,","37.18787000,","41.75,","11B20603,","L1012400,","오산시,","550,="
"551,","평택,","01110000,","127.10879000,","36.98769000,","27.14,","11B20606,","L1012500,","평택시,","551,="
"552,","김화,","01110000,","127.42449000,","38.27219000,","238.63,","11D10101,","L1021300,","철원군,","95,="
"553,","대진,","01111000,","128.42813000,","38.49235000,","21.47,","11D20402,","L1020610,","고성군평지,","517,="
"554,","미시령,","01111000,","128.43713000,","38.21439000,","771.81,","11D20100,","L1025020,","고성군산간,","595,="
"555,","화천,","01110000,","127.70285000,","38.09638000,","106.21,","11D10102,","L1021400,","화천군,","555,="
"556,","양구,","01110000,","127.98527000,","38.09799000,","187.57,","11D10202,","L1021710,","양구군평지,","556,="
"557,","기린,","01110000,","128.31862000,","37.95263000,","311.62,","11D20100,","L1025020,","인제군산간,","595,="
"558,","팔봉,","01110000,","127.70066000,","37.68614000,","94.64,","11D10302,","L1021510,","홍천군평지,","212,="
"559,","내면,","01110000,","128.39728000,","37.77805000,","574.76,","11D20200,","L1026020,","홍천군산간,","100,="
"560,","진부,","01110000,","128.56447000,","37.64794000,","540.54,","11D20202,","L1026020,","평창군산간,","100,="
"561,","청일,","01110000,","128.15275000,","37.58219000,","221.38,","11D10402,","L1021100,","횡성군,","536,="
"562,","영월주천,","01110000,","128.26942000,","37.27534000,","285.87,","11D10501,","L1020800,","영월군,","121,="
"563,","북평,","01111000,","128.68280000,","37.46356000,","362.87,","11D10502,","L1021010,","정선군평지,","217,="
"565,","시흥,","01110000,","126.77795000,","37.39154000,","5.77,","11B20202,","L1010500,","시흥시,","565,="
"566,","연곡,","01110000,","128.81924000,","37.85155000,","8.36,","11D20501,","L1020110,","강릉시평지,","105,="
"567,","적성,","01111000,","126.93176000,","37.95332000,","71.25,","11B20305,","L1011800,","파주시,","99,="
"568,","일동,","01111000,","127.31349000,","37.95875000,","142.00,","11B20403,","L1011300,","포천시,","504,="
"569,","구리,","01110000,","127.15698000,","37.58224000,","27.15,","11B20501,","L1012200,","구리시,","569,="
"570,","금곡,","01100000,","126.64233000,","37.62320000,","33.72,","11B20201,","L1010800,","인천광역시,","112,="
"571,","화성,","01110000,","126.82094000,","37.19525000,","45.39,","11B20604,","L1013200,","화성시,","571,="
"572,","성남,","01111000,","127.12476000,","37.42093000,","28.65,","11B20605,","L1012000,","성남시,","572,="
"573,","청운,","01100000,","127.71352000,","37.55821000,","120.49,","11B20503,","L1013500,","양평군,","202,="
"574,","대신,","01100000,","127.58711000,","37.36940000,","36.85,","11B20703,","L1013300,","여주시,","548,="
"575,","용인이동,","01111000,","127.18766000,","37.10580000,","51.18,","11B20612,","L1012900,","용인시,","549,="
"576,","백암,","01111000,","127.36632000,","37.12966000,","111.46,","11B20612,","L1012900,","용인시,","549,="
"577,","장봉도,","01111000,","126.33654000,","37.53411000,","11.41,","11B20201,","L1013600,","옹진군,","513,="
"578,","호도,","01110000,","126.26628000,","36.30120000,","8.09,","11C20201,","L1031400,","보령시,","235,="
"579,","하장,","01110000,","128.91330000,","37.36684000,","607.24,","11D20300,","L1027020,","삼척시산간,","674,="
"580,","옥계,","01110000,","129.02888000,","37.61345000,","58.41,","11D20501,","L1020110,","강릉시평지,","105,="
"581,","상동,","01111000,","128.77441000,","37.11663000,","422.10,","11D10501,","L1020800,","영월군,","121,="
"582,","신림,","01101000,","128.07993000,","37.23146000,","328.01,","11D10401,","L1021200,","원주시,","114,="
"583,","안흥,","01111000,","128.15510000,","37.46463000,","534.72,","11D10402,","L1021100,","횡성군,","536,="
"585,","신남,","01111000,","128.07420000,","37.95996000,","235.78,","11D10201,","L1021810,","인제군평지,","211,="
"586,","북산,","01110000,","127.87694000,","38.03209000,","225.91,","11D10301,","L1021600,","춘천시,","101,="
"587,","방산,","01111000,","127.95329000,","38.22642000,","276.94,","11D10202,","L1021710,","양구군평지,","556,="
"588,","남산,","01110000,","127.64289000,","37.79066000,","83.37,","11D10301,","L1021600,","춘천시,","101,="
"589,","능곡,","01100000,","126.79026000,","37.70236000,","59.07,","11B20302,","L1011500,","고양시,","540,="
"590,","과천,","01111000,","127.00249000,","37.44028000,","46.60,","11B10102,","L1010300,","과천시,","590,="
"591,","치악산,","01101000,","128.05047000,","37.41554000,","267.66,","11D10403,","L1021200,","원주시,","114,="
"592,","부론,","01101000,","127.74866000,","37.23162000,","52.70,","11D10401,","L1021200,","원주시,","114,="
"593,","양양영덕,","01111000,","128.54069000,","38.00731000,","128.31,","11D20100,","L1025020,","양양군산간,","595,="
"594,","서화,","01111000,","128.21000000,","38.25330000,","316.00,","11D20100,","L1025020,","인제군산간,","595,="
"595,","진부령,","01111000,","128.37415000,","38.26414000,","586.53,","11D20100,","L1025020,","고성군산간,","595,="
"596,","오색,","01111000,","128.49325000,","38.07699000,","240.99,","11D20100,","L1025020,","양양군산간,","595,="
"597,","대화,","01111000,","128.44108000,","37.54548000,","561.85,","11D10503,","L1020910,","평창군평지,","526,="
"598,","양주,","01110000,","126.99050000,","37.83118000,","87.76,","11B20304,","L1011600,","양주시,","598,="
"599,","광릉,","01100000,","127.16977000,","37.76172000,","105.82,","11B20403,","L1011300,","포천시,","504,="
"600,","금왕,","01110000,","127.58973000,","36.97369000,","131.87,","11C10103,","L1041100,","음성군,","619,="
"601,","단양,","01110000,","128.36690000,","36.98552000,","184.56,","11C10202,","L1041200,","단양군,","601,="
"602,","진천,","01110000,","127.46250000,","36.86340000,","111.00,","11C10102,","L1041000,","진천군,","602,="
"603,","괴산,","01110000,","127.77758000,","36.81612000,","120.20,","11C10303,","L1040400,","괴산군,","603,="
"604,","옥천,","01110000,","127.59655000,","36.29994000,","122.64,","11C10403,","L1040600,","옥천군,","604,="
"605,","영동,","01110000,","127.75981000,","36.16313000,","139.68,","11C10402,","L1040700,","영동군,","605,="
"606,","대산,","01111000,","126.38808000,","37.01061000,","23.22,","11C20101,","L1031300,","서산시,","129,="
"607,","근흥,","01101000,","126.13541000,","36.67309000,","6.40,","11C20102,","L1031100,","태안군,","627,="
"608,","홍북,","01110000,","126.64512000,","36.62774000,","86.52,","11C20104,","L1031600,","홍성군,","177,="
"609,","삽시도,","01101000,","126.35623000,","36.33796000,","39.65,","11C20201,","L1031400,","보령시,","235,="
"610,","홍성죽도,","01110000,","126.44237000,","36.52003000,","16.88,","11C20104,","L1031600,","홍성군,","177,="
"611,","세종연서,","01110000,","127.28360000,","36.57220000,","26.60,","11C20404,","L1031800,","세종시,","239,="
"612,","공주,","01110000,","127.13646000,","36.48284000,","24.00,","11C20402,","L1030300,","공주시,","612,="
"614,","서천,","01111000,","126.70411000,","36.06248000,","9.59,","11C20202,","L1031500,","서천군,","614,="
"615,","논산,","01110000,","127.10815000,","36.21164000,","8.15,","11C20602,","L1030500,","논산시,","615,="
"616,","당진,","01110000,","126.61739000,","36.88936000,","52.40,","11C20103,","L1031200,","당진시,","616,="
"617,","성거,","01110000,","127.15610000,","36.87817000,","41.03,","11C20301,","L1030200,","천안시,","232,="
"618,","청양,","01110000,","126.77906000,","36.42371000,","98.75,","11C20502,","L1030900,","청양군,","618,="
"619,","음성,","01110000,","127.70241000,","36.92297000,","133.44,","11C10103,","L1041100,","음성군,","619,="
"620,","엄정,","01111000,","127.90353000,","37.07371000,","65.43,","11C10101,","L1040800,","충주시,","127,="
"621,","수산,","01100000,","128.21421000,","36.97325000,","147.63,","11C10201,","L1040900,","제천시,","221,="
"622,","수안보,","01100000,","128.00791000,","36.83909000,","228.09,","11C10101,","L1040800,","충주시,","127,="
"623,","증평,","01111000,","127.56200000,","36.79560000,","74.72,","11C10304,","L1041300,","증평군,","623,="
"624,","상당,","01110000,","127.65710000,","36.62436000,","244.00,","11C10301,","L1040100,","청주시,","131,="
"625,","속리산,","01110000,","127.81670000,","36.51724000,","328.17,","11C10302,","L1040300,","보은군,","226,="
"626,","옥천청산,","01111000,","127.81538000,","36.37052000,","122.63,","11C10403,","L1040600,","옥천군,","604,="
"627,","태안,","01111000,","126.29641000,","36.75851000,","41.94,","11C20102,","L1031100,","태안군,","627,="
"628,","예산,","01111000,","126.81437000,","36.74213000,","38.84,","11C20303,","L1031000,","예산군,","628,="
"629,","세종전의,","01111000,","127.20047000,","36.69076000,","84.56,","11C20404,","L1031800,","세종시,","239,="
"630,","노은,","01110000,","127.79974000,","37.04557000,","111.99,","11C10101,","L1040800,","충주시,","127,="
"631,","송도,","01111000,","126.61535000,","37.34775000,","9.74,","11B20201,","L1010800,","인천광역시,","112,="
"632,","유구,","11111000,","126.93356000,","36.54069000,","58.83,","11C20402,","L1030300,","공주시,","612,="
"633,","정안,","01111000,","127.09383000,","36.55114000,","75.76,","11C20402,","L1030300,","공주시,","612,="
"634,","아산,","01110000,","126.86536000,","36.84578000,","29.50,","11C20302,","L1030400,","아산시,","634,="
"635,","양화,","01111000,","126.86024000,","36.13190000,","10.73,","11C20501,","L1030800,","부여군,","236,="
"636,","계룡,","01110000,","127.24070000,","36.31320000,","132.00,","11C20403,","L1031700,","계룡시,","636,="
"637,","신평,","01111000,","126.80557000,","36.89376000,","19.50,","11C20103,","L1031200,","당진시,","616,="
"638,","영춘,","01111000,","128.48473000,","37.08348000,","175.08,","11C10202,","L1041200,","단양군,","601,="
"639,","덕산,","01111000,","128.14564000,","36.90433000,","282.85,","11C10201,","L1040900,","제천시,","221,="
"640,","청천,","01100000,","127.86167000,","36.67106000,","221.34,","11C10303,","L1040400,","괴산군,","603,="
"641,","가덕,","01100000,","127.52399000,","36.54612000,","78.00,","11C10301,","L1040100,","청주시,","131,="
"642,","문화,","01110000,","127.40609000,","36.31050000,","79.24,","11C20401,","L1030100,","대전광역시,","642,="
"643,","세천,","01100000,","127.49378000,","36.34019000,","91.34,","11C20401,","L1030100,","대전광역시,","133,="
"644,","연무,","01100000,","127.09004000,","36.13662000,","24.50,","11C20602,","L1030500,","논산시,","615,="
"645,","서부,","01101000,","126.51099000,","36.57887000,","16.90,","11C20104,","L1031600,","홍성군,","177,="
"646,","춘장대,","01111000,","126.52845000,","36.17406000,","7.74,","11C20202,","L1031500,","서천군,","614,="
"647,","가곡,","01110000,","127.69238000,","36.12504000,","122.66,","11C10402,","L1040700,","영동군,","135,="
"648,","장동,","01110000,","127.43821000,","36.41347000,","99.90,","11C20401,","L1030100,","대전광역시,","133,="
"649,","부평,","01111000,","126.75072000,","37.47223000,","25.91,","11B20201,","L1010800,","인천광역시,","112,="
"650,","양지,","01101000,","127.27737000,","38.27264000,","228.01,","11D10101,","L1021300,","철원군,","95,="
"651,","외촌,","01110000,","127.20570000,","38.27717000,","216.03,","11D10101,","L1021300,","철원군,","95,="
"652,","연천청산,","01110000,","127.07267000,","37.98998000,","38.29,","11B20402,","L1011200,","연천군,","652,="
"654,","자월도,","11111000,","126.30761000,","37.25404000,","10.46,","11B20201,","L1013600,","옹진군,","513,="
"655,","소청도,","11111000,","124.72912000,","37.76024000,","83.00,","11A00103,","L1014100,","서해5도,","102,="
"656,","볼음도,","11111000,","126.19222000,","37.67085000,","14.75,","11B20101,","L1010900,","강화군,","201,="
"657,","대천항,","11101000,","126.50213000,","36.32435000,","31.65,","11C20201,","L1031400,","보령시,","235,="
"658,","만리포,","01101000,","126.12143000,","36.76830000,","69.60,","11C20102,","L1031100,","태안군,","627,="
"659,","계룡산,","11100000,","127.20570000,","36.34300000,","831.70,","11C20403,","L1031700,","계룡시,","636,="
"660,","면온,","01101000,","128.37762000,","37.56197000,","533.47,","11D10504,","L1020910,","평창군평지,","526,="
"661,","현내,","01111000,","128.40245000,","38.54385000,","5.50,","11D20402,","L1020610,","고성군평지,","517,="
"662,","승봉도,","01111000,","126.29695000,","37.17064000,","10.19,","11B20201,","L1013600,","옹진군,","513,="
"663,","목덕도,","01111000,","125.78691000,","36.92863000,","62.53,","11B20201,","L1013600,","옹진군,","513,="
"664,","영흥도,","01111000,","126.45838000,","37.22468000,","17.72,","11B20201,","L1013600,","옹진군,","513,="
"665,","무의도,","01111000,","126.42521000,","37.39043000,","28.32,","11B20201,","L1010800,","인천광역시,","112,="
"666,","안도,","01110000,","126.16832000,","36.95872000,","32.47,","11C20102,","L1031100,","태안군,","627,="
"667,","옹도,","01110000,","126.00930000,","36.64760000,","58.00,","11C20102,","L1031100,","태안군,","627,="
"669,","외연도,","01111000,","126.07583000,","36.22920000,","17.86,","11C20201,","L1031400,","보령시,","235,="
"670,","양양,","01110000,","128.62966000,","38.08725000,","4.31,","11D20403,","L1020710,","양양군평지,","670,="
"671,","청호,","01110000,","128.59360000,","38.19091000,","3.65,","11D20401,","L1020510,","속초시평지,","90,="
"672,","상하,","01101000,","126.48836000,","35.44236000,","10.76,","21F10601,","L1060100,","고창군,","172,="
"673,","진영,","01100000,","128.71750000,","35.28223000,","20.64,","11H20304,","L1080900,","김해시,","253,="
"674,","사북,","01111000,","128.82141000,","37.21963000,","822.28,","11D20300,","L1027020,","정선군산간,","674,="
"675,","남이섬,","01110000,","127.52769000,","37.78978000,","52.21,","11D10301,","L1021600,","춘천시,","101,="
"676,","위성센터,","01111110,","127.42985000,","36.99060000,","143.77,","11C10102,","L1041000,","진천군,","602,="
"678,","강릉성산,","01111000,","128.77862000,","37.72484000,","455.97,","11D20200,","L1026020,","강릉시산간,","100,="
"679,","강릉왕산,","01111000,","128.77297000,","37.61045000,","686.60,","11D20200,","L1026020,","강릉시산간,","100,="
"680,","평화,","01111000,","127.84468000,","38.21277000,","230.65,","11D10102,","L1021400,","화천군,","555,="
"681,","원동,","01111000,","127.81168000,","38.24379000,","215.20,","11D10101,","L1021300,","철원군,","95,="
"682,","임남,","01111000,","127.86470000,","38.28060000,","1062.00,","11D10101,","L1021300,","철원군,","95,="
"687,","석곡,","01111000,","127.25280000,","35.12620000,","62.20,","11F20602,","L1050400,","곡성군,","768,="
"688,","봉산,","01110000,","126.93914000,","35.26878000,","31.02,","11F20504,","L1050300,","담양군,","706,="
"689,","광주남구,","01111000,","126.89853000,","35.10082000,","73.11,","11F20501,","L1050100,","광주광역시,","156,="
"690,","풍산,","01110000,","127.13944000,","35.33613000,","98.00,","11F10403,","L1061000,","순창군,","254,="
"691,","정산,","01110000,","126.95652000,","36.38617000,","23.83,","11C20502,","L1030900,","청양군,","618,="
"692,","백학,","01110000,","126.92450000,","38.04040000,","33.24,","11B20402,","L1011200,","연천군,","652,="
"693,","오창,","01110000,","127.44011000,","36.72319000,","65.97,","11C10301,","L1040100,","청주시,","131,="
"694,","원효봉,","01100000,","126.60936000,","36.70435000,","677.32,","11C20303,","L1031000,","예산군,","628,="
"695,","광덕산,","01110000,","127.43197000,","38.11619000,","1050.39,","11D10102,","L1021400,","화천군,","555,="
"696,","신기,","01100000,","129.08614000,","37.34661000,","82.78,","11D20300,","L1027020,","삼척시산간,","674,="
"697,","서거차도,","11111000,","125.91828000,","34.25059000,","1.10,","21F20201,","L1052300,","진도군,","268,="
"698,","해제,","01110000,","126.28510000,","35.09380000,","26.92,","21F20804,","L1051800,","무안군,","699,="
"699,","무안,","01110000,","126.46108000,","34.98378000,","37.85,","21F20804,","L1051800,","무안군,","699,="
"700,","어청도,","01101000,","125.96820000,","36.12508000,","58.68,","21F10501,","L1060300,","군산시,","140,="
"701,","무주,","01110000,","127.67192000,","36.00400000,","207.37,","11F10302,","L1060700,","무주군,","701,="
"703,","진안,","01110000,","127.43743000,","35.76036000,","354.27,","11F10303,","L1060600,","진안군,","703,="
"704,","변산,","01110000,","126.47755000,","35.62095000,","1.94,","21F10602,","L1060200,","부안군,","243,="
"706,","담양,","01110000,","126.97266000,","35.31021000,","44.67,","11F20504,","L1050300,","담양군,","706,="
"707,","지도,","01110000,","126.20839000,","35.05796000,","34.31,","21F20803,","L1052200,","신안군(흑산면제외),","789,="
"708,","광산,","01110000,","126.74524000,","35.12886000,","29.91,","11F20501,","L1050100,","광주광역시,","156,="
"709,","구례,","01111000,","127.46184000,","35.19739000,","29.82,","11F20601,","L1050500,","구례군,","709,="
"710,","나주,","01111000,","126.74397000,","35.02504000,","7.82,","11F20503,","L1050200,","나주시,","710,="
"711,","이양,","01110000,","126.98980000,","34.89711000,","77.34,","11F20505,","L1050700,","화순군,","741,="
"712,","순천시,","01110000,","127.51006000,","34.94422000,","12.77,","11F20405,","L1051200,","순천시,","712,="
"713,","광양읍,","01110000,","127.58259000,","34.97507000,","14.95,","11F20402,","L1051100,","광양시,","266,="
"714,","자은도,","01101000,","126.02868000,","34.87909000,","1.96,","21F20803,","L1052200,","신안군(흑산면제외),","789,="
"716,","하의도,","01101000,","126.03198000,","34.63066000,","2.58,","21F20803,","L1052200,","신안군(흑산면제외),","789,="
"717,","의신,","01101000,","126.30976000,","34.42749000,","11.70,","21F20201,","L1052300,","진도군,","268,="
"718,","상조도,","01111000,","126.03646000,","34.33303000,","6.42,","21F20201,","L1052300,","진도군,","268,="
"719,","선유도,","01111000,","126.39770000,","35.80880000,","11.45,","21F10501,","L1060300,","군산시,","140,="
"720,","보길도,","01101000,","126.54991000,","34.15486000,","27.12,","11F20301,","L1051600,","완도군,","170,="
"721,","금일,","01101000,","127.02825000,","34.33904000,","4.17,","11F20301,","L1051600,","완도군,","170,="
"722,","조선대,","01111000,","126.92875000,","35.13681000,","110.87,","11F20501,","L1050100,","광주광역시,","156,="
"723,","거문도,","01111000,","127.30898000,","34.02792000,","6.70,","11F20401,","L1052600,","거문도초도,","723,="
"724,","추자도,","01111000,","126.30157000,","33.95783000,","8.10,","11G00800,","L1091000,","추자도,","724,="
"725,","우도,","01111000,","126.95414000,","33.52289000,","9.23,","11G00100,","L1090800,","제주도동부,","188,="
"726,","마라도,","01110000,","126.26786000,","33.12206000,","11.58,","11G00500,","L1090600,","제주도서부,","779,="
"727,","유수암,","01110000,","126.39293000,","33.40986000,","425.21,","11G00200,","L1090700,","제주도북부,","184,="
"730,","장성,","01110000,","126.76110000,","35.27940000,","43.95,","11F20502,","L1050600,","장성군,","730,="
"731,","영암,","01110000,","126.68634000,","34.81666000,","4.58,","21F20802,","L1051700,","영암군,","731,="
"732,","보성,","01110000,","127.09209000,","34.76192000,","145.53,","11F20404,","L1050900,","보성군,","732,="
"733,","함라,","01110000,","126.89170000,","36.04610000,","49.12,","11F10202,","L1061100,","익산시,","702,="
"734,","완주,","01111000,","127.24573000,","35.98551000,","64.36,","11F10204,","L1060500,","완주군,","734,="
"735,","덕유산,","01100000,","127.77306000,","35.89424000,","660.36,","11F10302,","L1060700,","무주군,","701,="
"736,","진봉,","01111000,","126.78401000,","35.84679000,","2.16,","21F10502,","L1060400,","김제시,","737,="
"737,","김제,","01110000,","126.87765000,","35.80905000,","54.61,","21F10502,","L1060400,","김제시,","737,="
"738,","줄포,","01110000,","126.69981000,","35.59893000,","20.10,","21F10602,","L1060200,","부안군,","243,="
"739,","심원,","01111000,","126.54668000,","35.52254000,","12.57,","21F10601,","L1060100,","고창군,","172,="
"741,","화순,","01111000,","126.98515000,","35.05671000,","94.82,","11F20505,","L1050700,","화순군,","741,="
"742,","운남,","01111000,","126.33064000,","34.93889000,","12.00,","21F20804,","L1051800,","무안군,","699,="
"743,","비금,","01110000,","125.94688000,","34.77258000,","8.20,","21F20803,","L1052200,","신안군(흑산면제외),","789,="
"744,","산이,","01110000,","126.43646000,","34.67254000,","5.59,","11F20302,","L1051500,","해남군,","261,="
"745,","성전,","01111000,","126.70479000,","34.69976000,","79.59,","11F20303,","L1051400,","강진군,","259,="
"746,","땅끝,","01110000,","126.51590000,","34.38184000,","8.82,","11F20302,","L1051500,","해남군,","261,="
"747,","청산도,","01111000,","126.85801000,","34.18292000,","24.76,","11F20301,","L1051600,","완도군,","170,="
"748,","벌교,","01111000,","127.36310000,","34.83694000,","1.60,","11F20404,","L1050900,","보성군,","732,="
"749,","도양,","01111000,","127.12715000,","34.53471000,","24.96,","11F20403,","L1050800,","고흥군,","262,="
"750,","백야,","01100000,","127.62556000,","34.63079000,","35.71,","11F20401,","L1051000,","여수시,","168,="
"751,","선흘,","01110000,","126.70904000,","33.48209000,","251.09,","11G00200,","L1090700,","제주도북부,","184,="
"752,","서광,","01110000,","126.30599000,","33.30456000,","188.42,","11G00400,","L1090900,","제주도남부,","189,="
"753,","어리목,","01110000,","126.49590000,","33.39304000,","967.83,","11G00300,","L1090500,","제주도산간,","782,="
"754,","함평,","11111000,","126.52732000,","35.06037000,","10.42,","21F20101,","L1051900,","함평군,","754,="
"755,","화순북,","01110000,","127.08534000,","35.15960000,","185.01,","11F20505,","L1050700,","화순군,","741,="
"756,","위도,","01111000,","126.28199000,","35.60152000,","4.22,","21F10602,","L1060200,","부안군,","243,="
"757,","진안주천,","01111000,","127.43596000,","35.97436000,","269.51,","11F10303,","L1060600,","진안군,","703,="
"758,","동향,","01111000,","127.57117000,","35.83519000,","320.16,","11F10303,","L1060600,","진안군,","703,="
"759,","뱀사골,","01110000,","127.57826000,","35.37162000,","478.65,","11F10401,","L1061400,","남원시,","247,="
"760,","복흥,","01111000,","126.93270000,","35.42739000,","281.93,","11F10403,","L1061000,","순창군,","254,="
"761,","태인,","01111000,","126.93462000,","35.65081000,","14.70,","11F10203,","L1061200,","정읍시,","245,="
"762,","강진면,","01111000,","127.12611000,","35.51978000,","165.32,","11F10402,","L1060900,","임실군,","244,="
"763,","여산,","01111000,","127.06200000,","36.05920000,","38.00,","11F10202,","L1061100,","익산시,","702,="
"764,","신덕,","01111000,","127.14143000,","35.67359000,","211.79,","11F10402,","L1060900,","임실군,","244,="
"765,","복내,","01111000,","127.13448000,","34.89234000,","109.90,","11F20404,","L1050900,","보성군,","732,="
"766,","여수산단,","01111000,","127.71496000,","34.84946000,","78.86,","11F20401,","L1051000,","여수시,","168,="
"767,","포두,","01111000,","127.39745000,","34.58853000,","3.72,","11F20403,","L1050800,","고흥군,","262,="
"768,","곡성,","01110000,","127.28531000,","35.28886000,","100.48,","11F20602,","L1050400,","곡성군,","768,="
"769,","염산,","01111000,","126.38336000,","35.19932000,","5.40,","21F20102,","L1052000,","영광군,","252,="
"770,","다도,","01111000,","126.82781000,","34.94759000,","73.27,","11F20503,","L1050200,","나주시,","710,="
"771,","안좌,","01111000,","126.14463000,","34.72693000,","3.36,","21F20803,","L1052200,","신안군(흑산면제외),","789,="
"772,","수유,","01111000,","126.23964000,","34.53208000,","1.35,","21F20201,","L1052300,","진도군,","268,="
"773,","학산,","01111000,","126.63593000,","34.70850000,","72.11,","21F20802,","L1051700,","영암군,","731,="
"774,","전남도청,","01111000,","126.46618000,","34.81747000,","11.17,","21F20804,","L1051800,","무안군,","699,="
"775,","월야,","01110000,","126.63538000,","35.17770000,","35.38,","21F20101,","L1051900,","함평군,","754,="
"776,","현산,","01100000,","126.55307000,","34.46671000,","21.83,","11F20302,","L1051500,","해남군,","261,="
"777,","관산,","01111000,","126.93462000,","34.55633000,","37.10,","11F20304,","L1051300,","장흥군,","260,="
"778,","유치,","01111000,","126.82180000,","34.79594000,","96.16,","11F20304,","L1051300,","장흥군,","260,="
"779,","한림,","01110000,","126.25809000,","33.39268000,","38.79,","11G00500,","L1090600,","제주도서부,","779,="
"780,","제주남원,","01110000,","126.70438000,","33.27718000,","25.86,","11G00400,","L1090900,","제주도남부,","189,="
"781,","구좌,","01110000,","126.87770000,","33.51990000,","17.18,","11G00100,","L1090800,","제주도동부,","188,="
"782,","성판악,","01110000,","126.61940000,","33.38514000,","760.47,","11G00300,","L1090500,","제주도산간,","782,="
"783,","과기원,","01111000,","126.84077000,","35.23027000,","30.59,","11F20501,","L1050100,","광주광역시,","156,="
"784,","시종,","01111000,","126.61258000,","34.87718000,","22.08,","21F20802,","L1051700,","영암군,","731,="
"785,","북일,","01111000,","126.67630000,","34.46383000,","13.04,","11F20302,","L1051500,","해남군,","261,="
"786,","돌산,","01100000,","127.73992000,","34.60319000,","9.79,","11F20401,","L1051000,","여수시,","168,="
"787,","도화,","01111000,","127.31716000,","34.50672000,","12.30,","11F20403,","L1050800,","고흥군,","262,="
"788,","풍암,","01111000,","126.88132000,","35.13159000,","64.98,","11F20501,","L1050100,","광주광역시,","156,="
"789,","압해도,","01111000,","126.29290000,","34.87643000,","8.91,","21F20803,","L1052200,","신안군(흑산면제외),","789,="
"790,","나로도,","01111000,","127.46735000,","34.53258000,","135.19,","11F20403,","L1050800,","고흥군,","262,="
"791,","피아골,","01110000,","127.58376000,","35.26621000,","410.15,","11F20601,","L1050500,","구례군,","709,="
"792,","표선,","01100000,","126.81682000,","33.35360000,","80.47,","11G00100,","L1090800,","제주도동부,","188,="
"793,","대정,","01110000,","126.22626000,","33.24101000,","2.64,","11G00500,","L1090600,","제주도서부,","779,="
"794,","황전,","01100000,","127.42739000,","35.10066000,","75.99,","11F20603,","L1051200,","순천시,","174,="
"795,","옥과,","01100000,","127.13899000,","35.27532000,","86.65,","11F20602,","L1050400,","곡성군,","768,="
"796,","초도,","01101000,","127.24476000,","34.23775000,","37.52,","11F20401,","L1052600,","거문도초도,","723,="
"797,","하태도,","11101000,","125.29953000,","34.39498000,","35.63,","11F20701,","L1052500,","흑산도홍도,","169,="
"798,","홍도,","11111000,","125.19236000,","34.68551000,","23.21,","11F20701,","L1052500,","흑산도홍도,","169,="
"799,","낙월도,","01101000,","126.13762000,","35.20218000,","12.02,","21F20102,","L1052000,","영광군,","252,="
"800,","평해,","01101000,","129.44368000,","36.72566000,","6.43,","11H10101,","L1072310,","울진군평지,","130,="
"801,","영양,","01110000,","129.08800000,","36.62497000,","217.00,","11H10403,","L1071910,","영양군평지,","801,="
"802,","온정,","01100000,","129.34008000,","36.75743000,","142.31,","11H10101,","L1072310,","울진군평지,","130,="
"803,","옥산,","01111000,","128.81147000,","36.39470000,","219.79,","11H10502,","L1071700,","의성군,","278,="
"804,","청하,","01110000,","129.33921000,","36.19056000,","37.23,","11H10201,","L1072400,","포항시,","138,="
"805,","죽장,","01100000,","129.09434000,","36.17929000,","227.04,","11H10201,","L1072400,","포항시,","138,="
"806,","선산,","01100000,","128.29030000,","36.23336000,","41.05,","11H10602,","L1070300,","구미시,","279,="
"807,","의흥,","01110000,","128.69318000,","36.17966000,","114.26,","11H10603,","L1070600,","군위군,","823,="
"808,","호미곶,","01110000,","129.56673000,","36.07597000,","11.41,","11H10201,","L1072400,","포항시,","138,="
"809,","대덕,","01110000,","127.97919000,","35.93544000,","205.10,","11H10601,","L1071100,","김천시,","822,="
"810,","성주,","01110000,","128.29851000,","35.92553000,","34.22,","11H10605,","L1070900,","성주군,","810,="
"811,","황성,","01210000,","129.20929000,","35.86299000,","32.36,","11H10202,","L1072500,","경주시,","283,="
"812,","고령,","01110000,","128.28214000,","35.69603000,","41.19,","11H10604,","L1070800,","고령군,","812,="
"813,","청도,","01110000,","128.73183000,","35.65404000,","77.53,","11H10704,","L1070700,","청도군,","813,="
"814,","부석,","01110000,","128.66103000,","36.97916000,","302.79,","11H10401,","L1071600,","영주시,","272,="
"815,","예천,","01210000,","128.46461000,","36.65996000,","102.13,","11H10303,","L1071400,","예천군,","815,="
"816,","구룡포,","01110000,","129.54750000,","35.98310000,","42.37,","11H10201,","L1072400,","포항시,","138,="
"817,","수비,","01110000,","129.22123000,","36.78268000,","383.62,","11H10800,","L1075020,","영양군산간,","831,="
"818,","마성,","01101000,","128.14792000,","36.70781000,","217.28,","11H10301,","L1071300,","문경시,","273,="
"819,","예안,","01111000,","128.88641000,","36.65875000,","203.21,","11H10501,","L1071500,","안동시,","136,="
"820,","하회,","01111000,","128.52665000,","36.54819000,","75.76,","11H10501,","L1071500,","안동시,","136,="
"821,","공성,","01110000,","128.07393000,","36.28187000,","91.11,","11H10302,","L1071200,","상주시,","137,="
"822,","김천,","01111000,","128.10165000,","36.08128000,","84.16,","11H10601,","L1071100,","김천시,","822,="
"823,","군위,","01111000,","128.55577000,","36.24934000,","81.56,","11H10603,","L1070600,","군위군,","823,="
"824,","가산,","01111000,","128.50008000,","36.09560000,","114.95,","11H10705,","L1071000,","칠곡군,","825,="
"825,","칠곡,","01111000,","128.38130000,","36.03977000,","29.79,","11H10705,","L1071000,","칠곡군,","825,="
"826,","신녕,","01111000,","128.79003000,","36.04709000,","130.98,","11H10702,","L1070400,","영천시,","281,="
"827,","경산,","01111000,","128.74300000,","35.82425000,","61.21,","11H10703,","L1070500,","경산시,","827,="
"828,","달성,","01111000,","128.42384000,","35.69018000,","24.93,","11H10701,","L1070100,","대구광역시,","143,="
"829,","외동,","01100000,","129.31815000,","35.71214000,","72.92,","11H10202,","L1072500,","경주시,","283,="
"830,","기계,","01110000,","129.19957000,","36.06887000,","45.06,","11H10201,","L1072400,","포항시,","138,="
"831,","석포,","01110000,","128.99708000,","37.04012000,","663.05,","11H10800,","L1075020,","봉화군산간,","831,="
"832,","단북,","01110000,","128.42855000,","36.39066000,","67.00,","11H10502,","L1071700,","의성군,","278,="
"833,","은척,","01111000,","128.04189000,","36.53829000,","174.74,","11H10302,","L1071200,","상주시,","137,="
"834,","화서,","01110000,","127.94422000,","36.44123000,","286.99,","11H10302,","L1071200,","상주시,","137,="
"835,","봉화읍,","01111000,","128.71601000,","36.89316000,","185.00,","11H10402,","L1072010,","봉화군평지,","271,="
"836,","현서,","01110000,","128.89548000,","36.27948000,","317.00,","11H10503,","L1071800,","청송군,","276,="
"837,","이산,","01111000,","128.64290000,","36.82680000,","188.82,","11H10401,","L1071600,","영주시,","272,="
"838,","동로,","01111000,","128.27046000,","36.79066000,","451.67,","11H10301,","L1071300,","문경시,","273,="
"839,","길안,","01111000,","128.89544000,","36.45834000,","129.33,","11H10501,","L1071500,","안동시,","136,="
"840,","하양,","01110000,","128.81440000,","35.91250000,","71.00,","11H10703,","L1070500,","경산시,","827,="
"841,","화북,","01111000,","128.91106000,","36.08494000,","138.88,","11H10702,","L1070400,","영천시,","281,="
"842,","산내,","01111000,","129.01100000,","35.75760000,","170.66,","11H10202,","L1072500,","경주시,","283,="
"843,","금강송,","01110000,","129.25013000,","36.93611000,","219.97,","11H10800,","L1075020,","울진군산간,","831,="
"844,","영덕읍,","01111000,","129.35859000,","36.43551000,","22.38,","11H10102,","L1072200,","영덕군,","277,="
"845,","대구북구,","01111000,","128.59068000,","35.90842000,","30.18,","11H10701,","L1070100,","대구광역시,","143,="
"846,","서구,","01100000,","128.53095000,","35.86509000,","76.37,","11H10701,","L1070100,","대구광역시,","143,="
"847,","소보,","01100000,","128.46649000,","36.27625000,","70.41,","11H10603,","L1070600,","군위군,","823,="
"848,","청도금천,","01100000,","128.89534000,","35.67916000,","104.40,","11H10704,","L1070700,","청도군,","813,="
"849,","지보,","01100000,","128.38710000,","36.54689000,","85.04,","11H10303,","L1071400,","예천군,","815,="
"850,","감포,","01110000,","129.49062000,","35.78471000,","6.67,","11H10202,","L1072500,","경주시,","283,="
"851,","소곡,","01111000,","129.35206000,","37.05137000,","79.82,","11H10101,","L1072310,","울진군평지,","130,="
"852,","죽변,","01101000,","129.42600000,","37.06060000,","41.00,","11H10101,","L1072310,","울진군평지,","130,="
"853,","팔공산,","11110000,","128.62129000,","36.01827000,","568.37,","11H10705,","L1071000,","칠곡군,","825,="
"854,","삼동,","01110000,","129.13357000,","35.49528000,","166.92,","11H20101,","L1080300,","울산광역시,","152,="
"855,","가파도,","01110000,","126.26833000,","33.17330000,","4.25,","11G00500,","L1090600,","제주도서부,","779,="
"856,","광양백운산,","01110000,","127.59815000,","35.10180000,","514.84,","11F20402,","L1051100,","광양시,","266,="
"857,","완도읍,","01110000,","126.71737000,","34.29995000,","8.46,","11F20301,","L1051600,","완도군,","170,="
"858,","지산,","01110000,","126.17006000,","34.42956000,","34.67,","21F20201,","L1052300,","진도군,","268,="
"859,","토함산,","01100000,","129.36576000,","35.76129000,","345.86,","11H10202,","L1072500,","경주시,","283,="
"860,","신암,","01111000,","128.61903000,","35.88515000,","58.81,","11H10701,","L1070100,","대구광역시,","143,="
"861,","월정,","01111000,","126.77811000,","33.56233000,","34.00,","11G00100,","L1090800,","제주도동부,","188,="
"862,","송당,","01111000,","126.77919000,","33.47056000,","196.63,","11G00100,","L1090800,","제주도동부,","188,="
"863,","외도,","01111000,","126.43165000,","33.47688000,","52.65,","11G00200,","L1090700,","제주도북부,","184,="
"864,","완산,","01211000,","127.15497000,","35.82149000,","54.51,","11F10201,","L1061300,","전주시,","146,="
"865,","오등,","01111000,","126.52202000,","33.45766000,","233.90,","11G00200,","L1090700,","제주도북부,","184,="
"866,","한라생태숲,","01111000,","126.59777000,","33.43023000,","588.19,","11G00300,","L1090500,","제주도산간,","782,="
"867,","삼각봉,","01111000,","126.53052000,","33.37688000,","1499.40,","11G00300,","L1090500,","제주도산간,","782,="
"868,","사제비,","01111000,","126.49804000,","33.37599000,","1392.70,","11G00300,","L1090500,","제주도산간,","782,="
"869,","영실,","01111000,","126.49640000,","33.34832000,","1260.20,","11G00300,","L1090500,","제주도산간,","782,="
"870,","진달래밭,","11110000,","126.55571000,","33.36978000,","1488.56,","11G00300,","L1090500,","제주도산간,","782,="
"871,","윗세오름,","11110000,","126.51811000,","33.36230000,","1665.71,","11G00300,","L1090500,","제주도산간,","782,="
"872,","지리산,","11110000,","127.75642000,","35.31924000,","869.44,","11H20703,","L1081600,","산청군,","289,="
"873,","원주백운산,","11110000,","127.97020000,","37.25570000,","898.26,","11D10401,","L1021200,","원주시,","114,="
"874,","동송,","01100000,","127.20530000,","38.22100000,","206.65,","11D10101,","L1021300,","철원군,","95,="
"875,","설악산,","01111000,","128.46060000,","38.12110000,","1595.71,","11D20101,","L1025020,","양양군산간,","595,="
"876,","삼척,","01110000,","129.16819000,","37.45341000,","68.48,","11D20602,","L1020410,","삼척시평지,","876,="
"877,","문막,","01110000,","127.80486000,","37.31339000,","59.23,","11D10401,","L1021200,","원주시,","114,="
"878,","도계,","01110000,","129.09609000,","37.22379000,","817.04,","11D20300,","L1027020,","삼척시산간,","674,="
"879,","스키점프,","01111000,","128.67959000,","37.66048000,","852.43,","11D20201,","L1026020,","강릉시산간,","100,="
"880,","금악,","01111000,","126.32372000,","33.33281000,","319.78,","11G00500,","L1090600,","제주도서부,","779,="
"881,","새만금,","01110000,","126.52952000,","35.73017000,","10.49,","21F10602,","L1060200,","부안군,","243,="
"882,","상무대,","01111000,","126.60423000,","35.25179000,","106.65,","11F20502,","L1050600,","장성군,","730,="
"883,","새별오름,","01111000,","126.35989000,","33.36233000,","435.00,","11G00200,","L1090700,","제주도북부,","184,="
"884,","기상(과),","01110000,","126.51760000,","33.25927000,","173.45,","11G00400,","L1090900,","제주도남부,","189,="
"885,","태풍센터,","01111000,","126.67846000,","33.33143000,","244.29,","11G00400,","L1090900,","제주도남부,","189,="
"886,","군산산단,","01110000,","126.59117000,","35.95048000,","5.79,","21F10501,","L1060300,","군산시,","140,="
"888,","청남대,","01110000,","127.49078000,","36.46267000,","94.44,","11C10301,","L1040100,","청주시,","131,="
"889,","현충원,","01111000,","126.97652000,","37.50036000,","16.23,","11B10101,","L1100300,","서울서남권,","108,="
"890,","신례,","01111000,","126.63584000,","33.31450000,","302.00,","11G00400,","L1090900,","제주도남부,","189,="
"892,","성산수산,","01111000,","126.85127000,","33.45011000,","102.47,","11G00100,","L1090800,","제주도동부,","188,="
"900,","두서,","01110000,","129.14356000,","35.62027000,","117.49,","11H20101,","L1080300,","울산광역시,","152,="
"901,","울기,","01110000,","129.43531000,","35.48678000,","67.64,","11H20101,","L1080300,","울산광역시,","152,="
"902,","시천,","01110000,","127.81897000,","35.24229000,","137.13,","11H20703,","L1081600,","산청군,","289,="
"903,","도천,","01111000,","128.51486000,","35.40387000,","14.86,","11H20604,","L1081300,","창녕군,","919,="
"904,","사상,","01111000,","128.96753000,","35.13695000,","3.55,","11H20201,","L1080100,","부산광역시,","159,="
"905,","양산상북,","01100000,","129.04288000,","35.44140000,","83.57,","11H20102,","L1080500,","양산시,","257,="
"906,","화개,","01100000,","127.64269000,","35.23236000,","89.59,","11H20702,","L1081500,","하동군,","932,="
"907,","삼천포,","01111000,","128.06313000,","34.93211000,","29.46,","11H20402,","L1082100,","사천시,","907,="
"908,","진해,","01110000,","128.75370000,","35.11221000,","11.74,","11H20301,","L1080600,","창원시,","155,="
"909,","서이말,","01111000,","128.73825000,","34.78774000,","109.74,","11H20403,","L1082200,","거제시,","294,="
"911,","매물도,","01111000,","128.57715000,","34.64893000,","69.02,","11H20401,","L1082000,","통영시,","162,="
"912,","백천,","01111000,","127.77836000,","35.52627000,","140.33,","11H20501,","L1081700,","함양군,","264,="
"913,","상주면,","01101000,","127.98155000,","34.72380000,","19.65,","11H20405,","L1082400,","남해군,","295,="
"914,","서하,","01111000,","127.71556000,","35.63763000,","353.86,","11H20501,","L1081700,","함양군,","264,="
"915,","삼가,","01111000,","128.10178000,","35.41353000,","85.28,","11H20503,","L1081900,","합천군,","285,="
"916,","단성,","01110000,","127.96696000,","35.31111000,","55.00,","11H20703,","L1081600,","산청군,","289,="
"917,","사천,","01111000,","128.06768000,","35.03694000,","25.79,","11H20402,","L1082100,","사천시,","907,="
"918,","고성,","01110000,","128.33089000,","34.99052000,","7.03,","11H20404,","L1082300,","고성군,","918,="
"919,","창녕,","01111000,","128.47669000,","35.55142000,","24.30,","11H20604,","L1081300,","창녕군,","919,="
"920,","함안,","01111000,","128.39942000,","35.29613000,","8.39,","11H20603,","L1081200,","함안군,","920,="
"921,","가덕도,","01110000,","128.83141000,","34.99308000,","75.63,","11H20201,","L1080100,","부산광역시,","159,="
"922,","단장,","01100000,","128.92911000,","35.48645000,","138.03,","11H20601,","L1081000,","밀양시,","288,="
"923,","기장,","01111000,","129.25113000,","35.27505000,","65.99,","11H20201,","L1080100,","부산광역시,","159,="
"924,","간절곶,","01111000,","129.36028000,","35.35866000,","22.23,","11H20101,","L1080300,","울산광역시,","924,="
"925,","생림,","01110000,","128.82299000,","35.37435000,","8.68,","11H20304,","L1080900,","김해시,","253,="
"926,","진북,","01100000,","128.47483000,","35.12624000,","13.33,","11H20301,","L1080600,","창원시,","155,="
"927,","송백,","01111000,","128.88365000,","35.58197000,","126.74,","11H20601,","L1081000,","밀양시,","288,="
"929,","개천,","01111000,","128.30701000,","35.11369000,","129.52,","11H20404,","L1082300,","고성군,","918,="
"930,","사량도,","01111000,","128.23814000,","34.80992000,","6.64,","11H20401,","L1082000,","통영시,","162,="
"931,","욕지도,","01111000,","128.27352000,","34.62231000,","73.47,","11H20401,","L1082000,","통영시,","162,="
"932,","하동,","01111000,","127.76664000,","35.06058000,","4.47,","11H20704,","L1081500,","하동군,","932,="
"933,","금남,","01100000,","127.83238000,","34.99676000,","32.22,","11H20406,","L1081500,","하동군,","932,="
"934,","수곡,","01100000,","127.92848000,","35.22140000,","82.80,","11H20701,","L1081400,","진주시,","192,="
"935,","청덕,","01111000,","128.34114000,","35.56979000,","23.63,","11H20503,","L1081900,","합천군,","285,="
"936,","신포,","01111000,","128.20230000,","35.33263000,","61.21,","11H20602,","L1081100,","의령군,","263,="
"937,","해운대,","01110000,","129.16235000,","35.17611000,","63.72,","11H20201,","L1080100,","부산광역시,","159,="
"938,","부산진,","01111000,","129.01929000,","35.15888000,","114.38,","11H20201,","L1080100,","부산광역시,","938,="
"939,","금정구,","01111000,","129.10348000,","35.29320000,","49.26,","11H20201,","L1080100,","부산광역시,","159,="
"940,","동래,","01110000,","129.09013000,","35.20914000,","70.07,","11H20201,","L1080100,","부산광역시,","940,="
"941,","북구,","01100000,","129.00258000,","35.21304000,","6.94,","11H20201,","L1080100,","부산광역시,","159,="
"942,","부산남구,","01100000,","129.08841000,","35.11863000,","124.26,","11H20201,","L1080100,","부산광역시,","159,="
"943,","매곡,","01110000,","129.37528000,","35.66738000,","470.43,","11H20101,","L1080300,","울산광역시,","152,="
"944,","길곡,","01100000,","128.57005000,","35.38516000,","10.05,","11H20604,","L1081300,","창녕군,","919,="
"945,","대병,","01111000,","127.99010000,","35.53452000,","231.31,","11H20503,","L1081900,","합천군,","285,="
"946,","북상,","01110000,","127.81826000,","35.78000000,","324.25,","11H20502,","L1081800,","거창군,","284,="
"947,","명사,","01111000,","128.59080000,","34.72193000,","30.51,","11H20403,","L1082200,","거제시,","294,="
"948,","삼장,","01111000,","127.83448000,","35.31074000,","140.43,","11H20703,","L1081600,","산청군,","289,="
"949,","정자,","01111000,","129.44120000,","35.63750000,","8.00,","11H20101,","L1080300,","울산광역시,","152,="
"950,","사하,","01110000,","128.98393000,","35.09004000,","127.00,","11H20201,","L1080100,","부산광역시,","159,="
"951,","내장산,","01110000,","126.90733000,","35.50869000,","105.90,","11F10203,","L1061200,","정읍시,","245,="
"953,","장목,","01110000,","128.67977000,","34.99839000,","30.87,","11H20403,","L1082200,","거제시,","294,="
"954,","온산,","01110000,","129.36011000,","35.43103000,","53.92,","11H20101,","L1080300,","울산광역시,","152,="
"965,","한라산남벽,","01110000,","126.53300000,","33.35236111,","1576.00,","11G00300,","L1090500,","제주도산간,","782,="
